ID	A_1	A_2	B_1	B_2	C_1	C_2
Peru_IRID001	A*24:02	A*68:01	B*35:01	B*35:01	C*04:01	C*04:01
Peru_IRID002	A*02:01	A*03:01	B*07:02	B*35:01	C*07:02	C*04:01
Peru_IRID003	A*02:01	A*02:11	B*35:05	B*39:06	C*07:02	C*04:01
Peru_IRID005	A*02:01	A*68:01	B*15:05	B*40:02	C*03:04	C*01:02
Peru_IRID006	A*24:02	A*24:02	B*35:05	B*35:05	C*04:01	C*04:01
Peru_IRID007	A*68:01	A*68:01	B*51:01	B*35:09	C*01:02	C*15:02
Peru_IRID008	A*02:01	A*02:01	B*56:09	B*35:09	C*04:01	C*04:01
Peru_IRID009	A*23:01	A*24:02	B*58:01	B*40:64	C*03:04	C*07:01
Peru_IRID010	A*02:01	A*02:01	B*35:01	B*35:01	C*04:01	C*04:01
Peru_IRID012	A*02:22	A*02:22	B*48:01	B*15:05	C*03:03	C*08:03
Peru_IRID013	A*02:01	A*68:17	B*35:20	B*48:01	C*04:01	C*08:01
Peru_IRID014	A*03:01	A*66:01	B*57:01	B*51:01	C*06:02	C*04:01
Peru_IRID015	A*02:01	A*68:02	B*14:02	B*35:05	C*08:03	C*08:02
Peru_IRID016	A*02:01	A*24:02	B*15:01	B*15:01	C*01:02	C*01:02
Peru_IRID020	A*24:02	A*68:02	B*35:01	B*56:03	C*01:02	C*04:01
Peru_IRID021	A*02:01	A*02:01	B*35:05	B*39:01	C*07:02	C*04:01
Peru_IRID022	A*02:01	A*02:01	B*35:05	B*39:09	C*07:02	C*04:01
Peru_IRID023	A*02:01	A*24:02	B*35:43	B*39:13	C*01:02	C*07:02
Peru_IRID024	A*02:01	A*24:02	B*44:02	B*35:01	C*05:01	C*04:01
Peru_IRID025	A*02:22	A*02:01	B*35:43	B*39:12	C*01:02	C*07:02
Peru_IRID026	A*02:11	A*02:22	B*35:43	B*39:12	C*01:02	C*07:02
Peru_IRID027	A*02:01	A*31:02	B*35:05	B*39:05	C*07:02	C*04:01
Peru_IRID028	A*68:01	A*02:13	B*40:02	B*40:04	C*03:04	C*03:04
Peru_IRID029	A*02:01	A*02:01	B*44:03	B*48:01	C*08:03	C*16:01
Peru_IRID030	A*24:02	A*02:22	B*15:05	B*51:01	C*03:03	C*03:04
Peru_IRID032	A*02:01	A*68:02	B*35:05	B*14:02	C*08:02	C*08:03
Peru_IRID033	A*02:01	A*02:01	B*35:01	B*40:02	C*03:04	C*04:01
Peru_IRID034	A*24:02	A*02:01	B*35:05	B*40:02	C*04:01	C*03:05
Peru_IRID036	A*31:01	A*24:02	B*35:05	B*39:03	C*04:01	C*07:02
Peru_IRID037	A*31:01	A*02:01	B*35:01	B*35:01	C*04:01	C*04:01
Peru_IRID039	A*02:01	A*24:02	B*18:01	B*15:04	C*01:02	C*12:03
Peru_IRID040	A*31:01	A*31:01	B*39:05	B*15:01	C*01:02	C*07:02
Peru_IRID041	A*02:01	A*24:02	B*35:05	B*35:10	C*03:04	C*04:01
Peru_IRID042	A*02:01	A*02:01	B*39:09	B*48:01	C*07:02	C*08:03
Peru_IRID043	A*02:01	A*02:01	B*35:01	B*48:01	C*04:01	C*08:01
Peru_IRID046	A*02:01	A*02:11	B*07:02	B*51:01	C*07:02	C*08:01
Peru_IRID048	A*02:01	A*24:02	B*35:09	B*56:03	C*01:02	C*04:01
Peru_IRID049	A*02:01	A*11:01	B*27:05	B*35:09	C*01:02	C*04:01
Peru_IRID050	A*29:02	A*02:22	B*44:03	B*48:01	C*08:03	C*16:01
Peru_IRID055	A*02:01	A*02:11	B*51:01	B*39:05	C*07:02	C*15:02
Peru_IRID057	A*02:64	A*03:01	B*35:01	B*51:01	C*04:01	C*15:02
Peru_IRID060	A*02:01	A*68:01	B*39:01	B*15:04	C*01:02	C*07:02
Peru_IRID062	A*02:01	A*24:02	B*48:01	B*48:01	C*08:01	C*08:03
Peru_IRID067	A*02:01	A*24:02	B*35:01	B*15:39	C*01:02	C*04:01
Peru_IRID068	A*02:01	A*02:01	B*35:01	B*15:04	C*01:02	C*01:02
Peru_IRID069	A*31:01	A*02:01	B*40:02	B*40:02	C*03:04	C*03:04
Peru_IRID071	A*02:01	A*24:02	B*39:09	B*48:01	C*07:02	C*08:03
Peru_IRID073	A*02:01	A*68:17	B*78:02	B*15:01	C*01:02	C*01:02
Peru_IRID074	A*02:01	A*24:02	B*40:04	B*15:01	C*03:04	C*01:02
Peru_IRID076	A*24:02	A*68:01	B*48:01	B*35:43	C*01:02	C*08:03
Peru_IRID080	A*02:01	A*02:01	B*48:01	B*51:01	C*03:04	C*08:03
Peru_IRID084	A*31:01	A*02:01	B*48:01	B*35:01	C*04:01	C*04:01
Peru_IRID086	A*33:01	A*68:01	B*14:02	B*39:06	C*07:02	C*08:02
Peru_IRID089	A*02:01	A*03:01	B*35:01	B*15:04	C*01:02	C*04:01
Peru_IRID090	A*02:06	A*02:06	B*35:01	B*40:02	C*03:04	C*04:01
Peru_SS01	A*31:01	A*02:01	B*18:01	B*15:04	C*01:02	C*07:01
Peru_SS02	A*02:01	A*24:02	B*48:01	B*48:01	C*08:01	C*08:03
Peru_SS03	A*31:01	A*02:01	B*48:01	B*39:03	C*07:02	C*08:01
Peru_SS04	A*02:01	A*24:02	B*18:01	B*15:04	C*01:02	C*12:03
Peru_SS06	A*11:01	A*68:01	B*55:01	B*51:01	C*01:02	C*15:02
Peru_SS08	A*24:02	A*02:01	B*40:02	B*39:05	C*07:02	C*03:04
Peru_SS11	A*24:02	A*02:13	B*48:01	B*35:22	C*04:01	C*08:03
Peru_SS14	A*02:01	A*68:02	B*35:05	B*14:02	C*08:02	C*08:03
Peru_SS16	A*02:01	A*02:01	B*35:05	B*40:02	C*03:04	C*04:01
Peru_SS17	A*02:01	A*23:01	B*44:03	B*45:01	C*04:01	C*16:01
Peru_SS18	A*02:01	A*02:01	B*35:01	B*35:43	C*01:02	C*04:01
Peru_SS19	A*02:01	A*68:02	B*14:02	B*15:01	C*01:02	C*08:02
Peru_SS20	A*02:01	A*03:01	B*35:01	B*15:04	C*01:02	C*04:01
Peru_SS27	A*02:11	A*03:01	B*07:02	B*15:05	C*07:02	C*03:03
