allele	p.value	p.adjusted	estimate	std.error	conf.low	conf.high	statistic	Ntotal	Ntotal.percent	N(strongy_lifetime=0)	N(strongy_lifetime=0).percent	N(strongy_lifetime=1)	N(strongy_lifetime=1).percent	model
A*68:02	0.16833553589983502	1	0.19354838709734984	1.1921177161512297	0.009188480830173009	1.6383308867839232	-1.377571789265975	4	3.77%	3	7.14%	1	1.56%	dominant
B*14:02	0.16833553589983666	1	0.193548387097351	1.19211771615123	0.009188480830172985	1.6383308867838895	-1.3775717892659696	4	3.77%	3	7.14%	1	1.56%	dominant
C*08:02	0.16833553589983666	1	0.193548387097351	1.19211771615123	0.009188480830172985	1.6383308867838895	-1.3775717892659696	4	3.77%	3	7.14%	1	1.56%	dominant
B*48:01	0.16989860359601547	1	2.727272727267188	0.7309875466397601	0.7085227838517243	13.543780229933661	1.3725296873712594	13	12.26%	3	7.14%	10	15.62%	dominant
C*04:01	0.241155713581964	1	0.5131578947370563	0.5692091099887091	0.16395908115055968	1.5521353528058461	-1.1721029801675196	25	23.58%	12	28.57%	13	20.31%	dominant
B*35:05	0.29042483696930615	1	0.4571428571428665	0.7404149348267238	0.10011267756425524	1.963475906277893	-1.057190100349337	9	8.49%	5	11.90%	4	6.25%	dominant
B*51:01	0.31779111593055664	1	0.4396551724137984	0.8225810682826238	0.07852662281407216	2.220957228004117	-0.9990073806314291	7	6.60%	4	9.52%	3	4.69%	dominant
B*35:43	0.34749997265076693	1	0.30645161290328843	1.258923782084266	0.013685091759063942	3.4081510107846973	-0.9394495701085127	3	2.83%	2	4.76%	1	1.56%	dominant
C*08:03	0.35239432415054384	1	1.9999999999948417	0.7453555215855527	0.49829158595944634	10.117781867873079	0.929955116026877	11	10.38%	3	7.14%	8	12.50%	dominant
C*07:02	0.3575385891213819	1	0.5600000000000167	0.6301927030609814	0.15940651964926725	1.946453126484079	-0.9200653902157375	14	13.21%	7	16.67%	7	10.94%	dominant
B*15:01	0.36368690901472844	1	2.857142857142274	1.1557307935916508	0.3860939922713256	58.15860274705034	0.9083621638530145	5	4.72%	1	2.38%	4	6.25%	dominant
C*03:04	0.49264412581878847	1	1.679999999998033	0.756138592313666	0.40555315410466586	8.618128169646223	0.6861093967265562	10	9.43%	3	7.14%	7	10.94%	dominant
A*02:01	0.5112268501893971	1	1.499999999999982	0.6172133925821409	0.4396887094611275	5.086759759991326	0.6569285647089902	38	35.85%	14	33.33%	24	37.50%	dominant
A*24:02	0.607246801608079	1	0.7386363636363716	0.589387490603928	0.23102707080264456	2.3795721909944163	-0.5140074219629857	18	16.98%	8	19.05%	10	15.62%	dominant
C*01:02	0.6583349304747206	1	1.3095238095237456	0.6098044181430567	0.40291710520468926	4.531147009007001	0.44221320627721694	17	16.04%	6	14.29%	11	17.19%	dominant
B*39:05	0.6611635748834134	1	0.6333333333333346	1.0420964015227756	0.07101697788024243	5.640597158860333	-0.43830724473116817	4	3.77%	2	4.76%	2	3.12%	dominant
A*68:01	0.738736281374235	1	1.3571428571425828	0.9156121387018153	0.2394426770083316	10.496692197327501	0.33352730555097243	6	5.66%	2	4.76%	4	6.25%	dominant
B*39:09	0.8191591731918156	1	1.3333333333330641	1.2583055199663973	0.11988936592300156	29.82244304646659	0.22862656794135452	3	2.83%	1	2.38%	2	3.12%	dominant
B*44:03	0.819159173191816	1	1.3333333333330633	1.2583055199663973	0.11988936592299965	29.822443046466983	0.22862656794135408	3	2.83%	1	2.38%	2	3.12%	dominant
C*16:01	0.819159173191816	1	1.3333333333330633	1.2583055199663973	0.11988936592299965	29.822443046466983	0.22862656794135408	3	2.83%	1	2.38%	2	3.12%	dominant
C*15:02	0.8191591731918161	1	1.3333333333330633	1.2583055199663977	0.1198893659230005	29.82244304646659	0.22862656794135394	3	2.83%	1	2.38%	2	3.12%	dominant
A*03:01	0.8191591731918162	1	1.333333333333063	1.258305519966398	0.11988936592299954	29.822443046466827	0.22862656794135383	3	2.83%	1	2.38%	2	3.12%	dominant
B*40:02	0.8511264048812454	1	0.8571428571428583	0.8213422990689626	0.16947201610567275	4.775566486877063	-0.18768140883769813	7	6.60%	3	7.14%	4	6.25%	dominant
B*35:01	0.9215227020072642	1	1.0666666666666647	0.6551081248947228	0.29938863342711847	4.077077021950832	0.09851583072327298	13	12.26%	5	11.90%	8	12.50%	dominant
C*08:01	0.9855369519527685	1	0.9827586206896552	0.9593996353954534	0.14927692011280758	7.990365359624024	-0.018127735377656724	5	4.72%	2	4.76%	3	4.69%	dominant
A*31:01	0.9914277829726572	1	34363117.673644565	1615.103882698982	2.986287221720962e-60	NA	0.010743887481417488	6	5.66%	0	0.00%	6	9.38%	dominant
B*15:04	0.9930306603050487	1	31908609.255949073	1978.0901851425933	1.573847483375512e-91	NA	0.008734883042114384	4	3.77%	0	0.00%	4	6.25%	dominant
