allele	p.value	p.adjusted	estimate	std.error	conf.low	conf.high	statistic	Ntotal	Ntotal.percent	N(Status=0)	N(Status=0).percent	N(Status=1)	N(Status=1).percent	model
A*68:01	0.014300333504653102	0.38610900462563374	10.749999999999574	0.969495957718874	1.568309233779029	79.38967140958611	2.449629351896985	6	5.66%	3	3.26%	3	21.43%	dominant
B*35:01	0.045172443106025	1	5.481481481473769	0.849394439542313	1.0387517181180141	32.32307299109348	2.003045144344419	13	12.26%	9	9.78%	4	28.57%	dominant
A*31:01	0.14587181112595904	1	4.199999981653037	0.9868083337151544	0.4946726504614136	28.380527811645152	1.454268748945568	6	5.66%	4	4.35%	2	14.29%	dominant
B*35:43	0.31749020202833744	1	3.666666666064694	1.2997655153425578	0.15663258529145122	44.56350915630666	0.9996287550556039	3	2.83%	2	2.17%	1	7.14%	dominant
C*15:02	0.317490202028338	1	3.66666666606469	1.2997655153425582	0.15663258529144905	44.56350915630725	0.9996287550556027	3	2.83%	2	2.17%	1	7.14%	dominant
A*02:01	0.3662706480055818	1	0.4705882379202842	0.8342973076369545	0.0904468187503187	2.6721274730064732	-0.9034810371505848	38	35.85%	34	36.96%	4	28.57%	dominant
B*14:02	0.480448848043248	1	2.38888888869424	1.2342007017681393	0.10851668988067455	22.541750388179466	0.7055808317628985	4	3.77%	3	3.26%	1	7.14%	dominant
C*08:02	0.480448848043248	1	2.38888888869424	1.2342007017681393	0.10851668988067455	22.541750388179466	0.7055808317628985	4	3.77%	3	3.26%	1	7.14%	dominant
C*01:02	0.5151979728785367	1	1.7142857117183337	0.8282501548026902	0.30461177246594473	8.802403978750325	0.6507653468093233	17	16.04%	14	15.22%	3	21.43%	dominant
C*04:01	0.5727014939526456	1	1.5873015814396092	0.8190994697453521	0.3158446208747945	8.82584618252189	0.5640773470982146	25	23.58%	21	22.83%	4	28.57%	dominant
C*08:01	0.6410224336599066	1	1.7499999999288913	1.200197517693818	0.08216870820608561	14.644762839256787	0.4662697428087437	5	4.72%	4	4.35%	1	7.14%	dominant
A*24:02	0.7470855017849634	1	0.7500000011231924	0.8920796598603051	0.09957889507472134	3.92573988285054	-0.3224847330329676	18	16.98%	16	17.39%	2	14.29%	dominant
B*48:01	0.7899283704470275	1	1.2727272726752985	0.9052506433322368	0.1661545878061503	6.88169310925275	0.26640362926264405	13	12.26%	11	11.96%	2	14.29%	dominant
C*07:02	0.889580370731164	1	1.1333333333158087	0.9015230641932369	0.14866697407304794	6.071618019471414	0.13883520889235404	14	13.21%	12	13.04%	2	14.29%	dominant
B*51:01	0.9279682928256454	1	1.11111111110274	1.1654751691095235	0.053969666440124485	8.294296307317333	0.09040133882113727	7	6.60%	6	6.52%	1	7.14%	dominant
C*08:03	0.9931206523653763	1	4.3234346598893765e-8	1966.6495788085108	NA	7990223039713976e56	-0.00862209047312984	11	10.38%	11	11.96%	0	0.00%	dominant
C*03:04	0.9934516888772529	1	4.4469613644568766e-8	2062.63947515809	NA	64784896419735e62	-0.008207183041120492	10	9.43%	10	10.87%	0	0.00%	dominant
B*15:04	0.9936373254430847	1	1.410277697851574e-7	1978.0902061388529	NA	10779832681934339e75	-0.007974514492905755	4	3.77%	4	4.35%	0	0.00%	dominant
B*39:05	0.9936373254430847	1	1.4102776978516542e-7	1978.0902061388456	NA	10779832681920552e75	-0.007974514492905755	4	3.77%	4	4.35%	0	0.00%	dominant
A*68:02	0.9936373254430854	1	1.410277697851529e-7	1978.0902061390773	NA	1077983268220763e76	-0.007974514492904866	4	3.77%	4	4.35%	0	0.00%	dominant
B*35:05	0.9937977740897233	1	4.570488069029794e-8	2174.212906555557	NA	224107149928561e66	-0.0077734157015235	9	8.49%	9	9.78%	0	0.00%	dominant
A*03:01	0.9944979670670876	1	1.4438557382671548e-7	2284.101813711053	NA	11387639470261936e106	-0.0068958303107052735	3	2.83%	3	3.26%	0	0.00%	dominant
B*39:09	0.9944979670670876	1	1.44385573826696e-7	2284.1018137110727	NA	11387639470291713e106	-0.0068958303107052735	3	2.83%	3	3.26%	0	0.00%	dominant
B*44:03	0.9944979670670882	1	1.4438557382667318e-7	2284.1018137113165	NA	11387639470643851e106	-0.0068958303107046065	3	2.83%	3	3.26%	0	0.00%	dominant
C*16:01	0.9944979670670882	1	1.4438557382667318e-7	2284.1018137113165	NA	11387639470643851e106	-0.0068958303107046065	3	2.83%	3	3.26%	0	0.00%	dominant
B*40:02	0.9945471759835931	1	4.8175414781622065e-8	2465.3256961880265	NA	37440406246362695e54	-0.006834154626644709	7	6.60%	7	7.61%	0	0.00%	dominant
B*15:01	0.9954051913354197	1	5.064594887281134e-8	2917.0126902280153	NA	1089715344927828e108	-0.005758770487524076	5	4.72%	5	5.43%	0	0.00%	dominant
C*04:01	0.027630768335084665	0.08289230500525399	17.99999969437832	1.312320481718428	1.479859650726787	431.99519786286595	2.202489240381559	3	2.83%	1	1.09%	2	14.29%	recessive
A*02:01	0.7406459326374164	1	0.685185196818623	1.1422003176494064	0.034044254748232076	4.7613300944629176	-0.33099808422358096	10	9.43%	9	9.78%	1	7.14%	recessive
C*01:02	0.9944979670670876	1	1.443855738267196e-7	2284.101813711049	NA	11387639470251579e106	-0.006895830310705273	3	2.83%	3	3.26%	0	0.00%	recessive
A*68:01	0.014300333504653102	0.38610900462563374	10.749999999999574	0.969495957718874	1.568309233779029	79.38967140958611	2.449629351896985	6	5.66%	3	3.26%	3	21.43%	overdominant
A*31:01	0.08933648052199086	1	5.733333292784403	1.0278937269288992	0.6425993088868369	44.03644591851466	1.6989082064897196	5	4.72%	3	3.26%	2	14.29%	overdominant
B*35:01	0.1382733985118848	1	3.562500000000004	0.857116744030721	0.6067877491813292	19.50947314992575	1.4822514604255983	11	10.38%	8	8.70%	3	21.43%	overdominant
C*01:02	0.2994945854785715	1	2.3863636126240646	0.8383187951411507	0.4177739471341393	12.526433949492102	1.0375178408648285	14	13.21%	11	11.96%	3	21.43%	overdominant
B*35:43	0.31749020202833744	1	3.666666666064694	1.2997655153425578	0.15663258529145122	44.56350915630666	0.9996287550556039	3	2.83%	2	2.17%	1	7.14%	overdominant
C*15:02	0.317490202028338	1	3.66666666606469	1.2997655153425582	0.15663258529144905	44.56350915630725	0.9996287550556027	3	2.83%	2	2.17%	1	7.14%	overdominant
C*04:01	0.4614616256490385	1	0.5200000000000028	0.8879535417744016	0.06939595318135935	2.6933384752530105	-0.736442208564104	22	20.75%	20	21.74%	2	14.29%	overdominant
B*14:02	0.480448848043248	1	2.38888888869424	1.2342007017681393	0.10851668988067455	22.541750388179466	0.7055808317628985	4	3.77%	3	3.26%	1	7.14%	overdominant
C*08:02	0.480448848043248	1	2.38888888869424	1.2342007017681393	0.10851668988067455	22.541750388179466	0.7055808317628985	4	3.77%	3	3.26%	1	7.14%	overdominant
A*02:01	0.5727014939526442	1	0.6300000023266185	0.8190994697453512	0.11330358351138477	3.1661137594501225	-0.5640773470982166	28	26.42%	25	27.17%	3	21.43%	overdominant
C*08:01	0.6410224336599066	1	1.7499999999288913	1.200197517693818	0.08216870820608561	14.644762839256787	0.4662697428087437	5	4.72%	4	4.35%	1	7.14%	overdominant
B*48:01	0.6885781524746145	1	1.4399999998604345	0.9098214220040042	0.1868933524466781	7.87559483968206	0.4007853680646617	12	11.32%	10	10.87%	2	14.29%	overdominant
A*24:02	0.7470855017849634	1	0.7500000011231924	0.8920796598603051	0.09957889507472134	3.92573988285054	-0.3224847330329676	18	16.98%	16	17.39%	2	14.29%	overdominant
C*07:02	0.889580370731164	1	1.1333333333158087	0.9015230641932369	0.14866697407304794	6.071618019471414	0.13883520889235404	14	13.21%	12	13.04%	2	14.29%	overdominant
B*51:01	0.9279682928256454	1	1.11111111110274	1.1654751691095235	0.053969666440124485	8.294296307317333	0.09040133882113727	7	6.60%	6	6.52%	1	7.14%	overdominant
C*08:03	0.9931206523653763	1	4.3234346598893765e-8	1966.6495788085108	NA	7990223039713976e56	-0.00862209047312984	11	10.38%	11	11.96%	0	0.00%	overdominant
B*15:04	0.9936373254430847	1	1.410277697851574e-7	1978.0902061388529	NA	10779832681934339e75	-0.007974514492905755	4	3.77%	4	4.35%	0	0.00%	overdominant
B*39:05	0.9936373254430847	1	1.4102776978516542e-7	1978.0902061388456	NA	10779832681920552e75	-0.007974514492905755	4	3.77%	4	4.35%	0	0.00%	overdominant
A*68:02	0.9936373254430854	1	1.410277697851529e-7	1978.0902061390773	NA	1077983268220763e76	-0.007974514492904866	4	3.77%	4	4.35%	0	0.00%	overdominant
B*15:01	0.9936373254430861	1	1.4102776978513913e-7	1978.0902061393099	NA	1077983268249134e76	-0.007974514492903978	4	3.77%	4	4.35%	0	0.00%	overdominant
B*35:05	0.9937977740897233	1	4.570488069029794e-8	2174.212906555557	NA	224107149928561e66	-0.0077734157015235	9	8.49%	9	9.78%	0	0.00%	overdominant
C*03:04	0.9941617054393059	1	4.6940147736089994e-8	2306.101030192439	NA	5139754549793074e70	-0.007317282407953052	8	7.55%	8	8.70%	0	0.00%	overdominant
A*03:01	0.9944979670670876	1	1.4438557382671548e-7	2284.101813711053	NA	11387639470261936e106	-0.0068958303107052735	3	2.83%	3	3.26%	0	0.00%	overdominant
B*39:09	0.9944979670670876	1	1.44385573826696e-7	2284.1018137110727	NA	11387639470291713e106	-0.0068958303107052735	3	2.83%	3	3.26%	0	0.00%	overdominant
B*44:03	0.9944979670670882	1	1.4438557382667318e-7	2284.1018137113165	NA	11387639470643851e106	-0.0068958303107046065	3	2.83%	3	3.26%	0	0.00%	overdominant
C*16:01	0.9944979670670882	1	1.4438557382667318e-7	2284.1018137113165	NA	11387639470643851e106	-0.0068958303107046065	3	2.83%	3	3.26%	0	0.00%	overdominant
B*40:02	0.9949592462476382	1	4.941068182700155e-8	2662.8560902917266	NA	7674926994257171e86	-0.006317689966853709	6	5.66%	6	6.52%	0	0.00%	overdominant
A*68:01	0.014300333504653102	0.38610900462563374	10.749999999999574	0.969495957718874	1.568309233779029	79.38967140958611	2.449629351896985	6	5.66%	3	3.26%	3	21.43%	additive
B*35:01	0.037713218427524044	1	3.9099434137428175	0.65618402088649	1.0856982347870672	15.850884562560122	2.0779581006284253	15	14.15%	10	10.87%	5	35.71%	additive
C*04:01	0.1360318489904171	1	2.6439606699636684	0.6522151478546024	0.7400368609843411	10.477983787121932	1.490732084150709	28	26.42%	22	23.91%	6	42.86%	additive
A*31:01	0.2907470259992336	1	2.3393636989752933	0.804440725851358	0.3667136090840803	11.466984081571951	1.0564842648629322	7	6.60%	5	5.43%	2	14.29%	additive
B*35:43	0.31749020202833744	1	3.666666666064694	1.2997655153425578	0.15663258529145122	44.56350915630666	0.9996287550556039	3	2.83%	2	2.17%	1	7.14%	additive
C*15:02	0.317490202028338	1	3.66666666606469	1.2997655153425582	0.15663258529144905	44.56350915630725	0.9996287550556027	3	2.83%	2	2.17%	1	7.14%	additive
A*02:01	0.4282005847721095	1	0.6115626552093779	0.6206659586150405	0.1655190775807064	1.9966636087351033	-0.7922745895352786	48	45.28%	43	46.74%	5	35.71%	additive
B*14:02	0.480448848043248	1	2.38888888869424	1.2342007017681393	0.10851668988067455	22.541750388179466	0.7055808317628985	4	3.77%	3	3.26%	1	7.14%	additive
C*08:02	0.480448848043248	1	2.38888888869424	1.2342007017681393	0.10851668988067455	22.541750388179466	0.7055808317628985	4	3.77%	3	3.26%	1	7.14%	additive
C*08:01	0.6410224336599066	1	1.7499999999288913	1.200197517693818	0.08216870820608561	14.644762839256787	0.4662697428087437	5	4.72%	4	4.35%	1	7.14%	additive
A*24:02	0.7470855017849634	1	0.7500000011231924	0.8920796598603051	0.09957889507472134	3.92573988285054	-0.3224847330329676	18	16.98%	16	17.39%	2	14.29%	additive
C*01:02	0.8055835620810725	1	1.1760384381715352	0.6588112129402611	0.26436039583632653	3.970336067430603	0.2461274660742478	20	18.87%	17	18.48%	3	21.43%	additive
C*07:02	0.889580370731164	1	1.1333333333158087	0.9015230641932369	0.14866697407304794	6.071618019471414	0.13883520889235404	14	13.21%	12	13.04%	2	14.29%	additive
B*48:01	0.8989016349981153	1	1.109654850164191	0.8189678035011531	0.16070915617910167	4.861509680528935	0.12704897644050253	14	13.21%	12	13.04%	2	14.29%	additive
B*51:01	0.9279682928256454	1	1.11111111110274	1.1654751691095235	0.053969666440124485	8.294296307317333	0.09040133882113727	7	6.60%	6	6.52%	1	7.14%	additive
C*08:03	0.9931206523653763	1	4.3234346598893765e-8	1966.6495788085108	NA	7990223039713976e56	-0.00862209047312984	11	10.38%	11	11.96%	0	0.00%	additive
B*15:04	0.9936373254430847	1	1.410277697851574e-7	1978.0902061388529	NA	10779832681934339e75	-0.007974514492905755	4	3.77%	4	4.35%	0	0.00%	additive
B*39:05	0.9936373254430847	1	1.4102776978516542e-7	1978.0902061388456	NA	10779832681920552e75	-0.007974514492905755	4	3.77%	4	4.35%	0	0.00%	additive
A*68:02	0.9936373254430854	1	1.410277697851529e-7	1978.0902061390773	NA	1077983268220763e76	-0.007974514492904866	4	3.77%	4	4.35%	0	0.00%	additive
B*35:05	0.9937977740897233	1	4.570488069029794e-8	2174.212906555557	NA	224107149928561e66	-0.0077734157015235	9	8.49%	9	9.78%	0	0.00%	additive
B*40:02	0.99399494695800406	1	7.147309105160172e-8	2186.1962737804647	NA	8428158237038855e46	-0.007526288926729922	8	7.55%	8	8.70%	0	0.00%	additive
A*03:01	0.9944979670670876	1	1.4438557382671548e-7	2284.101813711053	NA	11387639470261936e106	-0.0068958303107052735	3	2.83%	3	3.26%	0	0.00%	additive
B*39:09	0.9944979670670876	1	1.44385573826696e-7	2284.1018137110727	NA	11387639470291713e106	-0.0068958303107052735	3	2.83%	3	3.26%	0	0.00%	additive
B*44:03	0.9944979670670882	1	1.4438557382667318e-7	2284.1018137113165	NA	11387639470643851e106	-0.0068958303107046065	3	2.83%	3	3.26%	0	0.00%	additive
C*16:01	0.9944979670670882	1	1.4438557382667318e-7	2284.1018137113165	NA	11387639470643851e106	-0.0068958303107046065	3	2.83%	3	3.26%	0	0.00%	additive
B*15:01	0.9947836043859106	1	8.713242934479554e-8	2486.4273507661233	NA	10821825897868617e88	-0.0065378289432998105	6	5.66%	6	6.52%	0	0.00%	additive
C*03:04	0.9952067214313617	1	2.824881564453125e-8	2893.40934500581	NA	12887253702884695e93	-0.006007519929498702	12	11.32%	12	13.04%	0	0.00%	additive
