allele	p.value	p.adjusted	estimate	std.error	conf.low	conf.high	statistic	Ntotal	Ntotal.percent	N(disease_2=0)	N(disease_2=0).percent	N(disease_2=1)	N(disease_2=1).percent	model
B*14:02	0.012923797935392771	0.34894254425560484	21.49999999812052	1.2342007017681405	2.3445776479304272	477.03868946798207	2.4858622512941744	4	3.77%	1	1.14%	3	16.67%	dominant
C*08:02	0.012923797935392771	0.34894254425560484	21.49999999812052	1.2342007017681405	2.3445776479304272	477.03868946798207	2.4858622512941744	4	3.77%	1	1.14%	3	16.67%	dominant
A*68:02	0.012923797935392785	0.34894254425560517	21.49999999812052	1.2342007017681407	2.3445776479304006	477.0386894679897	2.485862251294174	4	3.77%	1	1.14%	3	16.67%	dominant
C*04:01	0.20878343348435702	1	2.6315789376567533	0.7698069745263415	0.6114750510262866	13.762415188242125	1.256917713906946	25	23.58%	19	21.59%	6	33.33%	dominant
A*02:01	0.24671842342389463	1	0.41666666666764834	0.7557849775220671	0.09316786748524815	1.9378445345019624	-1.158356891694083	38	35.85%	33	37.50%	5	27.78%	dominant
A*03:01	0.45230020474874694	1	2.6250000000005302	1.2840595675329256	0.11406657587436257	30.8127891206148	0.751585767861227	3	2.83%	2	2.27%	1	5.56%	dominant
B*35:05	0.6474720580422457	1	1.510204081634765	0.901521220326981	0.19774350533468202	8.006176324852632	0.45727686248519006	9	8.49%	7	7.95%	2	11.11%	dominant
B*39:05	0.6600898313238027	1	1.708333333338401	1.2176704317492428	0.07896264124923319	15.439074665610384	0.4397891435944869	4	3.77%	3	3.41%	1	5.56%	dominant
C*07:02	0.7546940070751551	1	0.7619047619048006	0.8703104655170569	0.10370491890117943	3.7094570948690873	-0.31245598698164967	14	13.21%	12	13.64%	2	11.11%	dominant
B*51:01	0.8387511034865311	1	0.7916666666667095	1.1480340292474163	0.03911267443563245	5.598177998012026	-0.20349122519878202	7	6.60%	6	6.82%	1	5.56%	dominant
C*08:01	0.8504135726060679	1	1.250000000000257	1.1832156953438462	0.059735536437558405	9.966248843948048	0.18859076345295528	5	4.72%	4	4.55%	1	5.56%	dominant
B*15:01	0.8504135726060698	1	1.2500000000002534	1.1832156953438455	0.05973553643755862	9.966248843948048	0.188590763452953	5	4.72%	4	4.55%	1	5.56%	dominant
B*48:01	0.860017829278283	1	0.8571428571428568	0.8741105522062418	0.11611490090171395	4.215602009042904	-0.17635146885961372	13	12.26%	11	12.50%	2	11.11%	dominant
B*35:01	0.8600178292782836	1	0.8571428571428574	0.8741105522062418	0.1161149009017138	4.2156020090428905	-0.17635146885961284	13	12.26%	11	12.50%	2	11.11%	dominant
C*08:03	0.9051933162305974	1	1.1111111111111163	0.8846127036318818	0.148560288827114	5.621463711940872	0.11910355257759797	11	10.38%	9	10.23%	2	11.11%	dominant
C*01:02	0.9293000482658915	1	1.0714286160529485	0.7775993982412326	0.20304306334678726	4.714766275072921	0.08872552279800729	17	16.04%	14	15.91%	3	16.67%	dominant
A*24:02	0.9651227043708752	1	0.9666666582326717	0.7753156872569994	0.18378514637040286	4.2297725306816965	-0.043726137569129436	18	16.98%	15	17.05%	3	16.67%	dominant
A*68:01	0.9826191861594579	1	0.9749999950946278	1.1621489384052266	0.0475247305222572	7.227977317964825	-0.021785342806562833	6	5.66%	5	5.68%	1	5.56%	dominant
C*03:04	0.993332367333801	1	3.266595076364365e-8	2062.639467857431	NA	8203364662866717e51	-0.008356735547433134	10	9.43%	10	11.36%	0	0.00%	dominant
B*15:04	0.9935162788340759	1	1.0446501465519277e-7	1978.0901984143982	NA	12341241632896196e75	-0.008126228835504621	4	3.77%	4	4.55%	0	0.00%	dominant
B*44:03	0.9943935427178985	1	1.0707664002210476e-7	2284.101807005364	NA	11681293743444025e106	-0.007026709995046691	3	2.83%	3	3.41%	0	0.00%	dominant
C*16:01	0.9943935427178985	1	1.0707664002210476e-7	2284.101807005364	NA	11681293743444025e106	-0.007026709995046691	3	2.83%	3	3.41%	0	0.00%	dominant
B*39:09	0.9943935427179011	1	1.0707664002153034e-7	2284.10180700721	NA	116812937461857e108	-0.007026709995043361	3	2.83%	3	3.41%	0	0.00%	dominant
C*15:02	0.9943935427179017	1	1.0707664002147327e-7	2284.1018070075024	NA	11681293746624607e106	-0.007026709995042695	3	2.83%	3	3.41%	0	0.00%	dominant
B*35:43	0.9943935427179021	1	1.0707664002148544e-7	2284.1018070076484	NA	11681293746845722e106	-0.007026709995042196	3	2.83%	3	3.41%	0	0.00%	dominant
B*40:02	0.9944488044813458	1	3.5548240536930075e-8	2465.3256900280835	NA	30535010375460314e71	-0.0069574479525902466	7	6.60%	7	7.95%	0	0.00%	dominant
A*31:01	0.9948685762506699	1	3.650900379460006e-8	2662.856084576671	NA	3533180123713328e87	-0.006431330264773494	6	5.66%	6	6.82%	0	0.00%	dominant
