"","ID","A_1","A_2","B_1","B_2","C_1","C_2","DQA1_1","DQA1_2","DQB1_1","DQB1_2","DRB1_1","DRB1_2","DPA1_1","DPA1_2","DPB1_1","DPB1_2","DRB3_1","DRB3_2","DRB4_1","DRB4_2","E_1","E_2","F_1","F_2","G_1","G_2"
"1","IRID001","A*24:02:01","A*68:01:02","B*35:01:01","B*35:05:01","C*04:01:01","C*04:01:01","DQA1*01:01:01","DQA1*01:01:01","DQB1*03:02:01","DQB1*03:02:01","DRB1*04:04:01","DRB1*04:07:01","DPA1*01:03:01","DPA1*01:03:01","DPB1*04:02:01","DPB1*23:01:01","DRB3*01:01:02","DRB3*01:01:02","DRB4*01:01:01","DRB4*01:01:01","E*01:01:01","E*01:03:02","F*01:01:01","F*01:01:01","G*01:01:02","G*01:04:01"
"2","IRID002","A*02:01:01","A*03:01:01","B*07:02:01","B*35:01:01","C*04:01:01","C*07:02:01","DQA1*01:01:01","DQA1*01:01:01","DQB1*05:03:01","DQB1*03:01:01","DRB1*04:07:01","DRB1*14:01:01","DPA1*01:03:01","DPA1*01:03:01","DPB1*03:01:01","DPB1*04:01:01","DRB3*02:01:01","DRB3*02:01:01","DRB4*01:01:01","DRB4*03:01","E*01:03:02","E*01:03:02","F*01:01:01","F*01:01:01","G*01:01:01","G*01:01:01"
"3","IRID003","A*02:01:01","A*02:11:01","B*35:05:01","B*39:06:01","C*04:01:01","C*07:02:01","DQA1*01:01:01","DQA1*01:01:01","DQB1*03:01:01","DQB1*03:137","DRB1*11:04:01","DRB1*14:02:01","DPA1*01:03:01","DPA1*01:03:01","DPB1*04:02:01","DPB1*04:02:01","DRB3*01:01:02","DRB3*02:02:01","DRB4*03:01","DRB4*03:01","E*01:01:01","E*01:03:02","F*01:01:01","F*01:01:01","G*01:01:01","G*01:01:02"
"4","IRID005","A*02:01:01","A*68:01:02","B*15:05:01","B*40:02:01","C*01:02:01","C*03:04:01","DQA1*01:01:01","DQA1*01:01:01","DQB1*03:03:02","DQB1*03:03:02","DRB1*09:01:02","DRB1*09:01:02","DPA1*01:03:01","DPA1*01:03:01","DPB1*04:02:01","DPB1*14:01:01","DRB3*01:01:02","DRB3*01:01:02","DRB4*01:01:01","DRB4*01:01:01","E*01:01:01","E*01:03:02","F*01:01:01","F*01:01:01","G*01:01:01","G*01:01:02"
"5","IRID006","A*24:02:01","A*24:02:01","B*35:05:01","B*35:05:01","C*04:01:01","C*04:01:01","DQA1*01:01:01","DQA1*01:01:01","DQB1*04:02:01","DQB1*03:02:01","DRB1*04:04:01","DRB1*08:02:01","DPA1*01:03:01","DPA1*01:03:01","DPB1*03:01:01","DPB1*04:02:01","DRB3*02:01:01","DRB3*02:01:01","DRB4*01:01:01","DRB4*03:01","E*01:03:02","E*01:03:02","F*01:01:01","F*01:01:01","G*01:04:01","G*01:04:01"
"6","IRID007","A*68:01:02","A*68:01:02","B*35:09:01","B*51:01:01","C*01:02:01","C*15:02:01","DQA1*01:01:01","DQA1*01:01:01","DQB1*03:02:01","DQB1*03:01:01","DRB1*04:73","DRB1*16:02:01","DPA1*01:03:01","DPA1*01:03:01","DPB1*04:02:01","DPB1*14:01:01","DRB3*01:01:02","DRB3*01:01:02","DRB4*01:01:01","DRB4*01:01:01","E*01:01:01","E*01:03:01","F*01:01:01","F*01:01:01","G*01:01:02","G*01:01:02"
"7","IRID008","A*02:01:01","A*02:01:01","B*35:01:01","B*35:09:01","C*04:01:01","C*04:01:01","DQA1*01:01:01","DQA1*01:01:01","DQB1*03:02:01","DQB1*03:03:02","DRB1*04:07:01","DRB1*09:01:02","DPA1*01:03:01","DPA1*01:03:01","DPB1*04:02:01","DPB1*05:01:01","DRB3*01:01:02","DRB3*01:01:02","DRB4*01:01:01","DRB4*01:01:01","E*01:01:01","E*01:01:01","F*01:01:01","F*01:01:01","G*01:01:01","G*01:01:02"
"8","IRID009","A*23:01:01","A*24:02:01","B*40:64","B*58:01:01","C*03:04:01","C*07:01:01","DQA1*01:01:01","DQA1*01:01:01","DQB1*04:02:01","DQB1*04:02:01","DRB1*03:02:01","DRB1*08:02:01","DPA1*01:03:01","DPA1*01:03:01","DPB1*01:01:01","DPB1*05:01:01","DRB3*03:01:01","DRB3*03:01:01","DRB4*03:01","DRB4*03:01","E*01:01:01","E*01:03:02","F*01:01:01","F*01:01:01","G*01:04:01","G*01:04:01"
"9","IRID010","A*02:01:01","A*02:01:01","B*35:01:01","B*35:05:01","C*04:01:01","C*04:01:01","DQA1*01:01:01","DQA1*01:01:01","DQB1*04:02:01","DQB1*03:02:01","DRB1*04:07:01","DRB1*08:02:01","DPA1*01:03:01","DPA1*01:03:01","DPB1*03:01:01","DPB1*04:01:01","DRB3*01:01:02","DRB3*01:01:02","DRB4*01:01:01","DRB4*01:01:01","E*01:01:01","E*01:01:01","F*01:01:01","F*01:01:01","G*01:01:01","G*01:01:02"
"10","IRID011","A*02:01:01","A*68:02:01","B*15:16:01","B*57:01:01","C*06:02:01","C*14:02:01","DQA1*01:01:01","DQA1*01:01:01","DQB1*05:01:01","DQB1*03:01:01","DRB1*01:02:01","DRB1*15:01:01","DPA1*01:08","DPA1*01:08","DPB1*01:01:01","DPB1*04:02:01","DRB3*01:01:02","DRB3*01:01:02","DRB4*03:01","DRB4*03:01","E*01:03:02","E*01:03:02","F*01:01:01","F*01:01:01","G*01:01:01","G*01:01:02"
"11","IRID012","A*02:22:01","A*02:22:01","B*15:05:01","B*48:01:01","C*03:03:01","C*08:03:01","DQA1*05:01:01","DQA1*05:01:01","DQB1*03:01:01","DQB1*03:01:01","DRB1*14:02:01","DRB1*14:02:01","DPA1*01:03:01","DPA1*01:03:01","DPB1*04:02:01","DPB1*14:01:01","DRB3*01:01:02","DRB3*01:01:02","DRB4*03:01","DRB4*03:01","E*01:01:01","E*01:01:01","F*01:01:01","F*01:01:01","G*01:01:01","G*01:01:01"
"12","IRID013","A*02:01:01","A*68:17","B*35:20:01","B*48:01:01","C*04:01:01","C*08:01:01","DQA1*01:01:01","DQA1*01:01:01","DQB1*03:02:01","DQB1*03:03:02","DRB1*09:01:02","DRB1*09:01:02","DPA1*01:03:01","DPA1*01:03:01","DPB1*04:02:01","DPB1*23:01:01","DRB3*01:01:02","DRB3*01:01:02","DRB4*01:01:01","DRB4*01:01:01","E*01:01:01","E*01:01:01","F*01:01:01","F*01:01:01","G*01:01:02","G*01:01:02"
"13","IRID014","A*03:01:01","A*66:01:01","B*51:01:01","B*57:01:01","C*04:01:01","C*06:02:01","DQA1*01:01:01","DQA1*01:01:01","DQB1*03:03:02","DQB1*06:02:01","DRB1*15:01:01","DRB1*09:01:02","DPA1*01:03:01","DPA1*01:03:01","DPB1*01:01:01","DPB1*13:01:01","DRB3*01:01:02","DRB3*01:01:02","DRB4*01:01:01","DRB4*01:01:01","E*01:03:02","E*01:03:02","F*01:01:01","F*01:01:01","G*01:01:01","G*01:01:02"
"14","IRID016","A*02:01:01","A*24:02:01","B*15:01:01","B*15:110","C*01:02:01","C*01:02:01","DQA1*01:01:01","DQA1*01:01:01","DQB1*04:02:01","DQB1*03:02:01","DRB1*04:04:01","DRB1*08:02:01","DPA1*01:03:01","DPA1*01:03:01","DPB1*04:02:01","DPB1*04:02:01","DRB3*01:01:02","DRB3*01:01:02","DRB4*01:01:01","DRB4*01:01:01","E*01:01:01","E*01:03:02","F*01:01:01","F*01:01:01","G*01:01:02","G*01:04:01"
"15","IRID020","A*24:02:01","A*68:02:01","B*35:43:01","B*53:01:01","C*01:02:01","C*04:01:01","DQA1*01:01:01","DQA1*01:01:01","DQB1*06:04:01","DQB1*03:02:01","DRB1*04:07:01","DRB1*13:02:01","DPA1*01:03:01","DPA1*01:03:01","DPB1*14:01:01","DPB1*03:01:01","DRB3*03:01:01","DRB3*03:01:01","DRB4*01:01:01","DRB4*03:01","E*01:01:01","E*01:03:02","F*01:01:01","F*01:01:01","G*01:01:02","G*01:04:01"
"16","IRID021","A*02:01:01","A*02:01:01","B*35:05:01","B*39:01:01","C*04:01:01","C*07:02:01","DQA1*01:01:01","DQA1*01:01:01","DQB1*04:02:01","DQB1*03:03:02","DRB1*08:02:01","DRB1*09:01:02","DPA1*01:03:01","DPA1*01:03:01","DPB1*04:02:01","DPB1*04:02:01","DRB3*01:01:02","DRB3*01:01:02","DRB4*01:01:01","DRB4*01:01:01","E*01:01:01","E*01:01:01","F*01:01:01","F*01:01:01","G*01:01:01","G*01:01:02"
"17","IRID022","A*02:01:01","A*02:01:01","B*35:05:01","B*39:09:01","C*04:01:01","C*07:02:01","DQA1*01:01:01","DQA1*01:01:01","DQB1*04:02:01","DQB1*03:02:01","DRB1*04:07:01","DRB1*08:02:01","DPA1*01:03:01","DPA1*01:03:01","DPB1*04:02:01","DPB1*14:01:01","DRB3*01:01:02","DRB3*01:01:02","DRB4*01:01:01","DRB4*01:01:01","E*01:01:01","E*01:01:01","F*01:01:01","F*01:01:01","G*01:01:01","G*01:01:01"
"18","IRID023","A*02:01:01","A*24:02:01","B*35:43:01","B*39:13:01","C*01:02:01","C*07:02:01","DQA1*01:01:01","DQA1*01:01:01","DQB1*04:02:01","DQB1*03:02:01","DRB1*04:07:01","DRB1*08:02:01","DPA1*01:03:01","DPA1*01:03:01","DPB1*14:01:01","DPB1*14:01:01","DRB3*01:01:02","DRB3*01:01:02","DRB4*01:01:01","DRB4*01:01:01","E*01:01:01","E*01:03:01","F*01:01:01","F*01:01:01","G*01:01:01","G*01:04:01"
"19","IRID024","A*02:01:01","A*24:02:01","B*35:01:01","B*44:02:01","C*04:01:01","C*05:01:01","DQA1*01:01:01","DQA1*01:01:01","DQB1*05:03:01","DQB1*06:03:01","DRB1*13:01:01","DRB1*14:01:01","DPA1*01:03:01","DPA1*01:03:01","DPB1*02:01:02","DPB1*04:02:01","DRB3*01:01:02","DRB3*02:02:01","DRB4*03:01","DRB4*03:01","E*01:01:01","E*01:01:01","F*01:01:01","F*01:01:01","G*01:01:01","G*01:04:01"
"20","IRID025","A*02:01:01","A*02:22:01","B*35:43:01","B*39:12","C*01:02:01","C*07:02:01","DQA1*01:01:01","DQA1*01:01:01","DQB1*03:03:02","DQB1*03:02:01","DRB1*04:07:01","DRB1*09:01:02","DPA1*01:03:01","DPA1*01:03:01","DPB1*04:02:01","DPB1*14:01:01","DRB3*01:01:02","DRB3*01:01:02","DRB4*01:01:01","DRB4*01:01:01","E*01:01:01","E*01:01:01","F*01:01:01","F*01:01:01","G*01:01:01","G*01:01:01"
"21","IRID026","A*02:01:01","A*02:22:01","B*35:43:01","B*39:12","C*01:02:01","C*07:02:01","DQA1*01:01:01","DQA1*01:01:01","DQB1*03:03:02","DQB1*03:02:01","DRB1*04:07:01","DRB1*09:01:02","DPA1*01:03:01","DPA1*01:03:01","DPB1*04:02:01","DPB1*14:01:01","DRB3*01:01:02","DRB3*01:01:02","DRB4*01:01:01","DRB4*01:01:01","E*01:01:01","E*01:01:01","F*01:01:01","F*01:01:01","G*01:01:01","G*01:01:01"
"22","IRID027","A*02:01:01","A*31:02","B*35:05:01","B*39:05:01","C*04:01:01","C*07:02:01","DQA1*01:01:01","DQA1*01:01:01","DQB1*03:03:02","DQB1*03:02:01","DRB1*04:04:01","DRB1*09:01:02","DPA1*01:03:01","DPA1*01:03:01","DPB1*04:01:01","DPB1*14:01:01","DRB3*01:01:02","DRB3*01:01:02","DRB4*01:01:01","DRB4*01:01:01","E*01:01:01","E*01:01:01","F*01:01:01","F*01:01:01","G*01:01:01","G*01:03:01"
"23","IRID028","A*02:13","A*68:01:02","B*40:02:01","B*40:04","C*03:04:01","C*03:04:01","DQA1*01:01:01","DQA1*01:01:01","DQB1*04:02:01","DQB1*04:02:01","DRB1*08:02:01","DRB1*08:02:01","DPA1*01:03:01","DPA1*01:03:01","DPB1*04:02:01","DPB1*04:02:01","DRB3*01:01:02","DRB3*01:01:02","DRB4*03:01","DRB4*03:01","E*01:01:01","E*01:03:02","F*01:01:01","F*01:01:01","G*01:01:02","G*01:01:02"
"24","IRID029","A*02:01:01","A*02:01:01","B*44:03:01","B*48:01:01","C*08:03:01","C*16:01:01","DQA1*01:01:01","DQA1*01:01:01","DQB1*02:01:01","DQB1*03:01:01","DRB1*07:01:01","DRB1*14:02:01","DPA1*01:03:01","DPA1*01:03:01","DPB1*02:01:02","DPB1*03:01:01","DRB3*01:01:02","DRB3*01:01:02","DRB4*01:01:01","DRB4*03:01","E*01:01:01","E*01:01:01","F*01:01:01","F*01:01:01","G*01:01:01","G*01:01:02"
"25","IRID030","A*02:22:01","A*24:02:01","B*15:05:01","B*51:01:01","C*03:03:01","C*03:04:01","DQA1*01:01:01","DQA1*01:01:01","DQB1*03:01:01","DQB1*03:03:02","DRB1*09:01:02","DRB1*14:02:01","DPA1*01:03:01","DPA1*01:03:01","DPB1*04:02:01","DPB1*13:01:01","DRB3*01:01:02","DRB3*01:01:02","DRB4*01:01:01","DRB4*03:01","E*01:01:01","E*01:01:01","F*01:01:01","F*01:01:01","G*01:01:01","G*01:04:01"
"26","IRID032","A*02:01:01","A*68:02:01","B*14:02:01","B*35:05:01","C*08:02:01","C*08:03:01","DQA1*03:01:01","DQA1*03:01:01","DQB1*05:01:01","DQB1*03:02:01","DRB1*01:02:01","DRB1*04:04:01","DPA1*01:03:01","DPA1*01:03:01","DPB1*04:02:01","DPB1*17:01:01","DRB3*01:01:02","DRB3*01:01:02","DRB4*01:01:01","DRB4*03:01","E*01:03:02","E*01:03:02","F*01:01:01","F*01:01:01","G*01:01:02","G*01:01:02"
"27","IRID033","A*02:01:01","A*02:01:01","B*35:01:01","B*40:02:01","C*03:04:01","C*04:01:01","DQA1*01:01:01","DQA1*01:01:01","DQB1*04:02:01","DQB1*03:02:01","DRB1*04:04:01","DRB1*08:02:01","DPA1*01:03:01","DPA1*01:03:01","DPB1*04:02:01","DPB1*05:01:01","DRB3*01:01:02","DRB3*01:01:02","DRB4*01:01:01","DRB4*01:01:01","E*01:01:01","E*01:01:01","F*01:01:01","F*01:01:01","G*01:01:01","G*01:01:02"
"28","IRID034","A*02:01:01","A*24:02:01","B*35:05:01","B*40:02:01","C*03:05:01","C*04:01:01","DQA1*01:01:01","DQA1*01:01:01","DQB1*03:02:01","DQB1*03:01:01","DRB1*04:07:01","DRB1*14:02:01","DPA1*01:03:01","DPA1*01:03:01","DPB1*04:02:01","DPB1*14:01:01","DRB3*01:01:02","DRB3*01:01:02","DRB4*01:01:01","DRB4*03:01","E*01:01:01","E*01:03:02","F*01:01:01","F*01:01:01","G*01:01:02","G*01:04:01"
"29","IRID036","A*24:02:01","A*31:01:02","B*35:05:01","B*39:03","C*04:01:01","C*07:02:01","DQA1*01:01:01","DQA1*01:01:01","DQB1*04:02:01","DQB1*03:01:01","DRB1*08:02:02","DRB1*15:96","DPA1*01:03:01","DPA1*01:03:01","DPB1*04:01:01","DPB1*04:01:01","DRB3*01:01:02","DRB3*01:01:02","DRB4*03:01","DRB4*03:01","E*01:01:01","E*01:03:02","F*01:01:01","F*01:01:01","G*01:01:02","G*01:03:01"
"30","IRID037","A*02:01:01","A*31:01:02","B*35:01:01","B*35:05:01","C*04:01:01","C*04:01:01","DQA1*03:01:01","DQA1*03:01:01","DQB1*03:03:02","DQB1*03:02:01","DRB1*04:07:01","DRB1*09:01:02","DPA1*01:03:01","DPA1*01:03:01","DPB1*04:02:01","DPB1*04:02:01","DRB3*01:01:02","DRB3*01:01:02","DRB4*01:01:01","DRB4*01:01:01","E*01:01:01","E*01:03:02","F*01:01:01","F*01:01:01","G*01:01:01","G*01:03:01"
"31","IRID038","A*02:01:01","A*02:01:01","B*15:05:01","B*52:01:01","C*01:02:01","C*12:02:01","DQA1*01:01:01","DQA1*01:01:01","DQB1*06:01:01","DQB1*03:03:02","DRB1*09:01:08","DRB1*15:02:01","DPA1*01:03:01","DPA1*01:03:01","DPB1*04:01:01","DPB1*04:01:01","DRB3*01:01:02","DRB3*01:01:02","DRB4*01:01:01","DRB4*01:01:01","E*01:01:01","E*01:01:01","F*01:01:01","F*01:01:01","G*01:01:01","G*01:01:01"
"32","IRID040","A*30:09","A*31:01:02","B*15:01:01","B*39:05:01","C*01:02:01","C*07:02:01","DQA1*01:01:01","DQA1*01:01:01","DQB1*03:02:01","DQB1*03:02:01","DRB1*04:04:01","DRB1*04:11:01","DPA1*01:03:01","DPA1*01:03:01","DPB1*04:02:01","DPB1*05:01:01","DRB3*01:01:02","DRB3*01:01:02","DRB4*01:01:01","DRB4*01:01:01","E*01:01:01","E*01:01:01","F*01:01:01","F*01:01:01","G*01:03:01","G*01:04:01"
"33","IRID041","A*02:01:01","A*24:02:01","B*35:05:01","B*35:10","C*03:04:01","C*04:01:01","DQA1*01:01:01","DQA1*01:01:01","DQB1*04:02:01","DQB1*03:03:02","DRB1*08:02:01","DRB1*09:01:02","DPA1*01:03:01","DPA1*01:03:01","DPB1*04:01:01","DPB1*13:01:01","DRB3*01:01:02","DRB3*01:01:02","DRB4*01:01:01","DRB4*01:01:01","E*01:01:01","E*01:01:01","F*01:01:01","F*01:01:01","G*01:01:01","G*01:04:01"
"34","IRID042","A*02:01:01","A*02:01:01","B*39:09:01","B*48:01:01","C*07:02:01","C*08:03:01","DQA1*05:01:01","DQA1*05:01:01","DQB1*02:01:01","DQB1*02:01:01","DRB1*07:01:01","DRB1*14:02:01","DPA1*01:03:01","DPA1*01:03:01","DPB1*04:01:01","DPB1*14:01:01","DRB3*01:01:02","DRB3*01:01:02","DRB4*01:01:01","DRB4*03:01","E*01:01:01","E*01:01:01","F*01:01:01","F*01:01:01","G*01:01:01","G*01:01:01"
"35","IRID043","A*02:01:01","A*02:01:01","B*35:01:01","B*48:01:01","C*04:01:01","C*08:01:01","DQA1*01:01:01","DQA1*01:01:01","DQB1*03:02:01","DQB1*03:02:01","DRB1*04:07:01","DRB1*04:07:01","DPA1*01:03:01","DPA1*01:03:01","DPB1*04:02:01","DPB1*05:01:01","DRB3*01:01:02","DRB3*01:01:02","DRB4*01:01:01","DRB4*01:01:01","E*01:01:01","E*01:01:01","F*01:01:01","F*01:01:01","G*01:01:01","G*01:01:01"
"36","IRID046","A*02:01:01","A*02:11:01","B*07:02:01","B*51:01:01","C*07:02:01","C*08:01:01","DQA1*01:01:01","DQA1*01:01:01","DQB1*02:01:01","DQB1*03:01:01","DRB1*03:01:01","DRB1*14:02:01","DPA1*01:03:01","DPA1*01:03:01","DPB1*04:01:01","DPB1*04:01:01","DRB3*01:01:02","DRB3*02:02:01","DRB4*03:01","DRB4*03:01","E*01:01:01","E*01:01:01","F*01:01:01","F*01:01:01","G*01:01:01","G*01:01:02"
"37","IRID048","A*02:01:01","A*24:02:01","B*35:09:01","B*35:43:01","C*01:02:01","C*04:01:01","DQA1*01:01:01","DQA1*01:01:01","DQB1*03:03:02","DQB1*03:03:02","DRB1*09:01:02","DRB1*09:01:02","DPA1*01:03:01","DPA1*01:03:01","DPB1*04:02:01","DPB1*05:01:01","DRB3*01:01:02","DRB3*01:01:02","DRB4*01:01:01","DRB4*01:01:01","E*01:01:01","E*01:01:01","F*01:01:01","F*01:01:01","G*01:01:01","G*01:04:01"
"38","IRID049","A*02:01:01","A*11:01:01","B*27:05:02","B*35:09:01","C*01:02:01","C*04:01:01","DQA1*01:01:01","DQA1*01:01:01","DQB1*05:01:01","DQB1*03:03:02","DRB1*01:01:01","DRB1*09:01:02","DPA1*01:03:01","DPA1*01:03:01","DPB1*04:01:01","DPB1*04:02:01","DRB3*01:01:02","DRB3*01:01:02","DRB4*01:01:01","DRB4*03:01","E*01:01:01","E*01:01:01","F*01:01:01","F*01:01:01","G*01:01:01","G*01:01:03"
"39","IRID050","A*02:22:01","A*29:02:01","B*44:03:01","B*48:01:01","C*08:03:01","C*16:01:01","DQA1*01:02:01","DQA1*01:02:01","DQB1*03:03:02","DQB1*06:02:01","DRB1*15:01:01","DRB1*09:01:02","DPA1*01:03:01","DPA1*01:03:01","DPB1*04:02:01","DPB1*13:01:01","DRB3*01:01:02","DRB3*01:01:02","DRB4*01:01:01","DRB4*01:01:01","E*01:01:01","E*01:03:02","F*01:01:01","F*01:01:01","G*01:01:01","G*01:01:01"
"40","IRID055","A*02:01:01","A*02:11:01","B*39:05:01","B*51:01:01","C*07:02:01","C*15:02:01","DQA1*03:01:01","DQA1*03:01:01","DQB1*03:03:02","DQB1*03:03:02","DRB1*09:01:02","DRB1*09:01:02","DPA1*01:03:01","DPA1*01:03:01","DPB1*02:01:02","DPB1*05:01:01","DRB3*01:01:02","DRB3*01:01:02","DRB4*01:01:01","DRB4*01:01:01","E*01:01:01","E*01:01:01","F*01:01:01","F*01:01:01","G*01:01:01","G*01:01:02"
"41","IRID057","A*02:64:01","A*03:01:01","B*35:01:01","B*51:01:01","C*04:01:01","C*15:02:01","DQA1*01:01:01","DQA1*01:01:01","DQB1*05:01:01","DQB1*03:03:02","DRB1*01:01:01","DRB1*09:01:02","DPA1*01:03:01","DPA1*01:03:01","DPB1*02:01:02","DPB1*13:01:01","DRB3*01:01:02","DRB3*01:01:02","DRB4*01:01:01","DRB4*03:01","E*01:01:01","E*01:03:02","F*01:01:01","F*01:01:01","G*01:01:01","G*01:01:01"
"42","IRID060","A*02:01:01","A*68:01:02","B*15:04:01","B*39:01:01","C*01:02:01","C*07:02:01","DQA1*01:01:01","DQA1*01:01:01","DQB1*03:03:02","DQB1*03:03:02","DRB1*09:01:02","DRB1*09:01:02","DPA1*01:03:01","DPA1*01:03:01","DPB1*04:02:01","DPB1*04:02:01","DRB3*01:01:02","DRB3*01:01:02","DRB4*01:01:01","DRB4*01:01:01","E*01:01:01","E*01:01:01","F*01:01:01","F*01:01:01","G*01:01:01","G*01:01:02"
"43","IRID067","A*02:01:01","A*24:02:01","B*15:39:01","B*35:01:01","C*01:02:01","C*04:01:01","DQA1*01:01:01","DQA1*01:01:01","DQB1*03:02:01","DQB1*03:03:02","DRB1*04:04:01","DRB1*04:07:01","DPA1*01:03:01","DPA1*01:03:01","DPB1*04:02:01","DPB1*14:01:01","DRB3*01:01:02","DRB3*01:01:02","DRB4*01:01:01","DRB4*01:01:01","E*01:01:01","E*01:03:02","F*01:01:01","F*01:01:01","G*01:01:01","G*01:01:02"
"44","IRID068","A*02:01:01","A*02:01:01","B*15:04:01","B*35:01:01","C*01:02:01","C*01:02:01","DQA1*01:01:01","DQA1*01:01:01","DQB1*03:03:02","DQB1*03:01:01","DRB1*09:02:01","DRB1*16:02:01","DPA1*01:03:01","DPA1*01:03:01","DPB1*04:01:01","DPB1*04:02:01","DRB3*01:01:02","DRB3*01:01:02","DRB4*01:01:01","DRB4*01:01:01","E*01:01:01","E*01:01:01","F*01:01:01","F*01:01:01","G*01:01:01","G*01:01:02"
"45","IRID069","A*02:105","A*31:01:02","B*40:02:01","B*40:02:01","C*03:04:01","C*03:04:01","DQA1*03:01:01","DQA1*03:01:01","DQB1*03:02:01","DQB1*03:02:01","DRB1*04:11:01","DRB1*04:11:01","DPA1*01:03:01","DPA1*01:03:01","DPB1*04:02:01","DPB1*14:01:01","DRB3*01:01:02","DRB3*01:01:02","DRB4*01:01:01","DRB4*01:01:01","E*01:01:01","E*01:03:01","F*01:01:01","F*01:01:01","G*01:01:01","G*01:03:01"
"46","IRID071","A*02:01:01","A*24:02:01","B*39:09:01","B*48:01:01","C*07:02:01","C*08:03:01","DQA1*01:01:01","DQA1*01:01:01","DQB1*04:02:01","DQB1*03:02:01","DRB1*04:04:01","DRB1*08:02:01","DPA1*01:03:01","DPA1*01:03:01","DPB1*04:02:01","DPB1*04:02:01","DRB3*01:01:02","DRB3*01:01:02","DRB4*01:01:01","DRB4*01:01:01","E*01:01:01","E*01:01:01","F*01:01:01","F*01:01:01","G*01:01:02","G*01:01:02"
"47","IRID073","A*02:01:01","A*68:17","B*15:04:01","B*35:43:01","C*01:02:01","C*01:02:01","DQA1*01:01:01","DQA1*01:01:01","DQB1*03:01:01","DQB1*03:02:01","DRB1*04:07:01","DRB1*14:02:01","DPA1*01:03:01","DPA1*01:03:01","DPB1*04:01:01","DPB1*14:01:01","DRB3*01:01:02","DRB3*01:01:02","DRB4*01:01:01","DRB4*03:01","E*01:01:01","E*01:01:01","F*01:01:01","F*01:01:01","G*01:01:02","G*01:01:02"
"48","IRID074","A*02:01:01","A*24:02:01","B*15:01:01","B*40:04","C*01:02:01","C*03:04:01","DQA1*01:01:01","DQA1*01:01:01","DQB1*03:03:02","DQB1*03:02:01","DRB1*04:07:01","DRB1*09:01:02","DPA1*01:03:01","DPA1*01:03:01","DPB1*03:01:01","DPB1*04:02:01","DRB3*01:01:02","DRB3*01:01:02","DRB4*01:01:01","DRB4*01:01:01","E*01:01:01","E*01:03:02","F*01:01:01","F*01:01:01","G*01:01:01","G*01:04:01"
"49","IRID076","A*24:02:01","A*68:01:02","B*35:43:01","B*48:01:01","C*01:02:01","C*08:03:01","DQA1*01:01:01","DQA1*01:01:01","DQB1*03:03:02","DQB1*03:02:01","DRB1*04:04:01","DRB1*09:01:02","DPA1*01:03:01","DPA1*01:03:01","DPB1*04:02:01","DPB1*04:02:01","DRB3*01:01:02","DRB3*01:01:02","DRB4*01:01:01","DRB4*01:01:01","E*01:01:01","E*01:01:01","F*01:01:01","F*01:01:01","G*01:01:02","G*01:04:01"
"50","IRID080","A*02:01:01","A*02:01:01","B*48:01:01","B*51:01:01","C*03:04:01","C*08:03:01","DQA1*01:01:01","DQA1*01:01:01","DQB1*03:03:02","DQB1*03:01:01","DRB1*09:01:02","DRB1*14:02:01","DPA1*01:03:01","DPA1*01:03:01","DPB1*04:02:01","DPB1*14:01:01","DRB3*01:01:02","DRB3*01:01:02","DRB4*01:01:01","DRB4*01:01:01","E*01:01:01","E*01:01:01","F*01:01:01","F*01:01:01","G*01:01:01","G*01:01:02"
"51","IRID084","A*02:01:01","A*31:01:02","B*35:01:01","B*48:01:01","C*04:01:01","C*04:01:01","DQA1*03:01:01","DQA1*03:01:01","DQB1*03:03:02","DQB1*03:03:02","DRB1*09:01:02","DRB1*09:01:02","DPA1*01:03:01","DPA1*01:03:01","DPB1*02:01:02","DPB1*04:02:01","DRB3*01:01:02","DRB3*01:01:02","DRB4*01:01:01","DRB4*01:01:01","E*01:01:01","E*01:03:02","F*01:01:01","F*01:01:01","G*01:01:01","G*01:03:01"
"52","IRID086","A*33:01:01","A*68:01:02","B*14:02:01","B*39:06:01","C*07:02:01","C*08:02:01","DQA1*01:01:01","DQA1*01:01:01","DQB1*02:01:01","DQB1*03:01:01","DRB1*03:01:01","DRB1*14:02:01","DPA1*01:03:01","DPA1*01:03:01","DPB1*02:01:02","DPB1*14:01:01","DRB3*01:01:02","DRB3*02:02:01","DRB4*03:01","DRB4*03:01","E*01:01:01","E*01:03:01","F*01:01:01","F*01:01:01","G*01:01:02","G*01:03:01"
"53","IRID090","A*02:01:01","A*02:06:05","B*35:01:01","B*40:02:01","C*03:04:01","C*04:01:01","DQA1*01:01:01","DQA1*01:01:01","DQB1*03:03:02","DQB1*03:02:01","DRB1*04:04:01","DRB1*09:01:02","DPA1*01:03:01","DPA1*01:03:01","DPB1*02:01:02","DPB1*04:02:01","DRB3*01:01:02","DRB3*01:01:02","DRB4*01:01:01","DRB4*01:01:01","E*01:01:01","E*01:03:02","F*01:01:01","F*01:01:01","G*01:01:01","G*01:01:01"
"54","SS01","A*02:01:01","A*31:01:02","B*15:04:01","B*18:01:01","C*01:02:01","C*07:01:01","DQA1*01:01:01","DQA1*01:01:01","DQB1*03:01:01","DQB1*03:01:01","DRB1*11:04:01","DRB1*14:06:01","DPA1*01:03:01","DPA1*01:03:01","DPB1*04:02:01","DPB1*05:01:01","DRB3*01:01:02","DRB3*02:02:01","DRB4*03:01","DRB4*03:01","E*01:01:01","E*01:03:02","F*01:01:01","F*01:01:01","G*01:01:01","G*01:03:01"
"55","SS02","A*02:01:01","A*24:02:01","B*48:01:01","B*48:01:01","C*08:01:01","C*08:03:01","DQA1*01:01:01","DQA1*01:01:01","DQB1*03:03:02","DQB1*03:02:01","DRB1*09:01:02","DRB1*09:01:02","DPA1*01:03:01","DPA1*01:03:01","DPB1*04:02:01","DPB1*23:01:01","DRB3*01:01:02","DRB3*01:01:02","DRB4*01:01:01","DRB4*01:01:01","E*01:01:01","E*01:03:01","F*01:01:01","F*01:01:01","G*01:01:01","G*01:04:01"
"56","SS03","A*02:01:01","A*31:01:02","B*39:03","B*48:01:01","C*07:02:01","C*08:01:01","DQA1*03:01:01","DQA1*03:01:01","DQB1*03:02:01","DQB1*03:03:02","DRB1*09:01:02","DRB1*09:01:02","DPA1*01:03:01","DPA1*01:03:01","DPB1*23:01:01","DPB1*23:01:01","DRB3*01:01:02","DRB3*01:01:02","DRB4*01:01:01","DRB4*01:01:01","E*01:01:01","E*01:01:01","F*01:01:01","F*01:01:01","G*01:01:01","G*01:03:01"
"57","SS04","A*02:01:01","A*24:02:01","B*15:04:01","B*18:01:01","C*01:02:01","C*12:03:01","DQA1*01:01:01","DQA1*01:01:01","DQB1*03:01:01","DQB1*03:01:01","DRB1*11:04:01","DRB1*14:02:01","DPA1*01:03:01","DPA1*01:03:01","DPB1*14:01:01","DPB1*14:01:01","DRB3*01:01:02","DRB3*02:02:01","DRB4*03:01","DRB4*03:01","E*01:03:02","E*01:03:02","F*01:01:01","F*01:01:01","G*01:01:02","G*01:04:01"
"58","SS06","A*11:01:01","A*68:01:02","B*51:75","B*55:01:01","C*01:02:01","C*15:02:01","DQA1*03:01:01","DQA1*03:01:01","DQB1*03:03:02","DQB1*06:03:01","DRB1*13:01:01","DRB1*09:06","DPA1*01:03:03","DPA1*01:03:03","DPB1*02:01:02","DPB1*13:01:01","DRB3*02:02:01","DRB3*02:02:01","DRB4*01:01:01","DRB4*03:01","E*01:01:01","E*01:03:01","F*01:01:01","F*01:01:01","G*01:01:02","G*01:01:03"
"59","SS08","A*02:01:01","A*24:02:01","B*39:05:01","B*40:02:01","C*03:04:01","C*07:02:01","DQA1*01:01:01","DQA1*01:01:01","DQB1*04:02:01","DQB1*04:02:01","DRB1*08:02:01","DRB1*08:02:01","DPA1*01:03:01","DPA1*01:03:01","DPB1*04:02:01","DPB1*04:02:01","DRB3*01:01:02","DRB3*01:01:02","DRB4*03:01","DRB4*01:01:01","E*01:01:01","E*01:03:02","F*01:01:01","F*01:01:01","G*01:01:01","G*01:04:01"
"60","SS11","A*02:13","A*24:02:01","B*35:22","B*48:01:01","C*04:01:01","C*08:03:01","DQA1*01:01:01","DQA1*01:01:01","DQB1*04:02:01","DQB1*03:01:01","DRB1*08:02:01","DRB1*14:02:01","DPA1*01:03:01","DPA1*01:03:01","DPB1*04:01:01","DPB1*04:02:01","DRB3*01:01:02","DRB3*01:01:02","DRB4*03:01","DRB4*03:01","E*01:01:01","E*01:03:02","F*01:01:01","F*01:01:01","G*01:01:02","G*01:04:01"
"61","SS14","A*02:01:01","A*68:02:01","B*14:02:01","B*35:05:01","C*08:02:01","C*08:03:01","DQA1*01:01:01","DQA1*01:01:01","DQB1*03:02:01","DQB1*05:01:01","DRB1*01:02:01","DRB1*04:04:01","DPA1*01:03:01","DPA1*01:03:01","DPB1*04:02:01","DPB1*17:01:01","DRB3*01:01:02","DRB3*01:01:02","DRB4*01:01:01","DRB4*03:01","E*01:03:02","E*01:03:02","F*01:01:01","F*01:01:01","G*01:01:02","G*01:01:02"
"62","SS16","A*02:01:01","A*02:105","B*35:05:01","B*40:02:01","C*03:04:01","C*04:01:01","DQA1*01:01:01","DQA1*01:01:01","DQB1*04:02:01","DQB1*03:02:01","DRB1*04:04:01","DRB1*04:10:01","DPA1*01:03:01","DPA1*01:03:01","DPB1*04:02:01","DPB1*04:02:01","DRB3*01:01:02","DRB3*01:01:02","DRB4*01:01:01","DRB4*01:01:01","E*01:01:01","E*01:03:01","F*01:01:01","F*01:01:01","G*01:01:01","G*01:01:02"
"63","SS17","A*02:01:01","A*23:01:01","B*44:03:01","B*45:01:01","C*04:01:01","C*16:01:01","DQA1*01:01:01","DQA1*01:01:01","DQB1*02:01:01","DQB1*06:02:01","DRB1*07:01:01","DRB1*15:03:01","DPA1*02:01:01;DPA1*02:01:08","DPA1*02:01:01;DPA1*02:01:08","DPB1*01:01:01","DPB1*17:01:01","DRB3*01:01:02","DRB3*01:01:02","DRB4*01:01:01","DRB4*01:01:01","E*01:01:01","E*01:03:02","F*01:01:01","F*01:01:01","G*01:01:01","G*01:04:01"
"64","SS18","A*02:01:01","A*02:01:01","B*35:01:01","B*35:43:01","C*01:02:01","C*04:01:01","DQA1*01:01:01","DQA1*01:01:01","DQB1*03:02:01","DQB1*03:02:01","DRB1*04:07:01","DRB1*09:01:02","DPA1*01:03:01","DPA1*01:03:01","DPB1*04:02:01","DPB1*14:01:01","DRB3*01:01:02","DRB3*01:01:02","DRB4*01:01:01","DRB4*01:01:01","E*01:01:01","E*01:03:02","F*01:01:01","F*01:01:01","G*01:01:02","G*01:01:02"
"65","SS19","A*02:01:01","A*68:02:01","B*14:02:01","B*15:01:01","C*01:02:01","C*08:02:01","DQA1*01:01:01","DQA1*01:01:01","DQB1*03:01:01","DQB1*03:03:02","DRB1*09:01:02","DRB1*13:03:01","DPA1*01:03:01","DPA1*01:03:01","DPB1*04:01:01","DPB1*13:01:01","DRB3*01:01:02","DRB3*01:01:02","DRB4*01:01:01","DRB4*03:01","E*01:01:01","E*01:01:01","F*01:01:01","F*01:01:01","G*01:01:02","G*01:01:02"
"66","SS20","A*02:01:01","A*03:01:01","B*15:04:01","B*35:01:01","C*01:02:01","C*04:01:01","DQA1*01:01:01","DQA1*01:01:01","DQB1*06:04:01","DQB1*03:01:01","DRB1*13:02:01","DRB1*14:02:01","DPA1*01:03:01","DPA1*01:03:01","DPB1*02:01:02","DPB1*14:01:01","DRB3*01:01:02","DRB3*03:01:01","DRB4*03:01","DRB4*03:01","E*01:01:01","E*01:03:02","F*01:01:01","F*01:01:01","G*01:01:01","G*01:01:02"
"67","SS27","A*02:11:01","A*03:01:01","B*07:02:01","B*15:05:01","C*03:03:01","C*07:02:01","DQA1*01:01:01","DQA1*01:01:01","DQB1*05:03:01","DQB1*03:01:01","DRB1*14:02:01","DRB1*14:07:01","DPA1*01:03:01","DPA1*01:03:01","DPB1*04:01:01","DPB1*04:02:01","DRB3*01:01:02","DRB3*02:02:01","DRB4*03:01","DRB4*03:01","E*01:01:01","E*01:03:02","F*01:01:01","F*01:01:01","G*01:01:01","G*01:01:02"
