allele	Population	haplotype_freq
A*02:01	HTLV-1 Peru	0.4444444444444444
A*02:01	Latino	0.2095
A*02:01	Japanese	0.148
A*02:01	AfricanAmerican	0.1235
A*24:02	HTLV-1 Peru	0.16666666666666666
A*24:02	Latino	0.1316
A*24:02	Japanese	0.353
A*24:02	AfricanAmerican	0.0245
A*31:01	HTLV-1 Peru	0.06349206349206349
A*31:01	Latino	0.0439
A*31:01	Japanese	0.0849
A*31:01	AfricanAmerican	0.01
A*68:01	HTLV-1 Peru	0.07142857142857142
A*68:01	Latino	0.048
A*68:01	Japanese	0.0017
A*68:01	AfricanAmerican	0.0395
B*35:01	HTLV-1 Peru	0.14285714285714285
B*35:01	Latino	0.0713
B*35:01	Japanese	0.0869
B*35:01	AfricanAmerican	0.0689
B*35:05	HTLV-1 Peru	0.09523809523809523
B*35:05	Latino	0.0056
B*35:05	Japanese	5e-4
B*35:05	AfricanAmerican	4e-4
B*40:02	HTLV-1 Peru	0.07142857142857142
B*40:02	Latino	0.0478
B*40:02	Japanese	0.0766
B*40:02	AfricanAmerican	0.0033
B*48:01	HTLV-1 Peru	0.1111111111111111
B*48:01	Latino	0.0142
B*48:01	Japanese	0.0271
B*48:01	AfricanAmerican	5e-4
B*51:01	HTLV-1 Peru	0.06349206349206349
B*51:01	Latino	0.0605
B*51:01	Japanese	0.089
B*51:01	AfricanAmerican	0.0217
C*01:02	HTLV-1 Peru	0.18253968253968253
C*01:02	Latino	0.0544
C*01:02	Japanese	0.1732
C*01:02	AfricanAmerican	0.0078
C*03:04	HTLV-1 Peru	0.1111111111111111
C*03:04	Latino	0.0602
C*03:04	Japanese	0.1269
C*03:04	AfricanAmerican	0.0565
C*04:01	HTLV-1 Peru	0.2857142857142857
C*04:01	Latino	0.1756
C*04:01	Japanese	0.0404
C*04:01	AfricanAmerican	0.2037
C*07:02	HTLV-1 Peru	0.1349206349206349
C*07:02	Latino	0.1214
C*07:02	Japanese	0.1218
C*07:02	AfricanAmerican	0.0713
C*08:03	HTLV-1 Peru	0.0873015873015873
C*08:03	Latino	0.0033
C*08:03	Japanese	0.0129
C*08:03	AfricanAmerican	7e-5
