Position in alignment,LC192511.1 - LC183873.1,LC192511.1 - MN781156.1,LC183873.1 - MN781156.1
20,2,0,98
40,0,0,100
60,0,0,100
80,0,0,100
100,1,0,99
120,2,0,98
140,6,0,92
160,54,0,36
180,100,0,0
200,100,0,0
220,99,0,0
240,99,0,0
260,100,0,0
280,100,0,0
300,99,0,0
320,98,0,0
340,100,0,0
360,99,0,0
380,98,0,0
400,92,0,0
420,59,0,0
440,67,0,0
460,89,0,0
480,77,0,0
500,97,0,0
520,98,0,0
540,100,0,0
560,98,0,0
580,100,0,0
600,100,0,0
620,100,0,0
640,100,0,0
660,100,0,0
680,100,0,0
700,100,0,0
720,100,0,0
740,100,0,0
760,100,0,0
780,100,0,0
800,97,0,0
820,100,0,0
840,100,0,0
860,100,0,0
880,100,0,0
900,100,0,0
920,100,0,0
940,97,0,0
960,99,0,0
980,98,0,0
1000,99,0,0
1020,99,0,0
1040,95,0,0
1060,95,0,0
1080,99,0,0
1100,97,0,0
1120,96,0,0
1140,90,0,0
1160,98,0,0
1180,99,0,0
1200,100,0,0
1220,94,0,0
1240,94,0,0
1260,92,0,0
1280,85,0,0
1300,89,0,0
1320,87,0,0
1340,84,0,0
1360,90,0,0
1380,84,0,0
1400,66,0,0
1420,63,0,0
1440,58,0,0
1460,64,0,0
1480,58,0,0
1500,64,0,0
1520,57,0,0
1540,85,0,0
1560,63,0,0
1580,69,0,0
1600,90,0,0
1620,95,0,0
1640,96,0,0
1660,100,0,0
1680,96,0,0
1700,100,0,0
1720,99,0,0
1740,99,0,0
1760,97,0,0
1780,98,0,0
1800,93,0,0
1820,83,0,0
1840,99,0,0
1860,93,0,0
1880,96,0,0
1900,98,0,0
1920,82,0,0
1940,98,0,0
1960,100,0,0
1980,97,0,0
2000,98,0,0
2020,98,0,0
2040,100,0,0
2060,100,0,0
2080,99,0,0
2100,100,0,0
2120,100,0,0
2140,100,0,0
2160,97,0,0
2180,99,0,0
2200,98,0,0
2220,100,0,0
2240,100,0,0
2260,99,0,0
2280,100,0,0
2300,97,0,0
2320,100,0,0
2340,89,5,0
2360,95,3,0
2380,97,0,0
2400,99,1,0
2420,94,1,0
2440,92,4,0
2460,96,1,0
2480,95,2,0
2500,95,1,0
2520,89,6,0
2540,98,0,0
2560,95,0,0
2580,97,0,0
2600,75,0,0
2620,98,0,0
2640,87,0,0
2660,80,0,0
2680,92,0,0
2700,99,0,0
2720,98,0,0
2740,98,0,0
2760,99,0,0
2780,98,0,0
2800,98,0,0
2820,83,0,0
2840,87,0,0
2860,95,0,0
2880,93,0,0
2900,92,0,0
2920,93,0,0
2940,59,0,0
2960,67,0,0
2980,60,0,0
3000,53,0,0
3020,88,0,0
3040,82,0,0
3060,58,0,0
3080,61,0,0
3100,57,0,0
3120,71,0,0
3140,91,0,0
3160,92,0,0
3180,84,0,0
3200,90,0,0
3220,87,0,0
3240,91,0,0
3260,90,0,0
3280,90,0,0
3300,84,0,0
3320,69,0,0
3340,87,0,0
3360,96,0,0
3380,96,0,0
3400,100,0,0
3420,98,0,0
3440,100,0,0
3460,99,0,0
3480,100,0,0
3500,100,0,0
3520,99,0,0
3540,98,0,0
3560,85,0,0
3580,89,0,0
3600,91,0,0
3620,63,0,0
3640,57,0,0
3660,59,0,0
3680,0,0,0
3700,65,0,0
3720,62,0,0
3740,71,0,0
3760,28,33,0
3780,31,35,0
3800,64,17,0
3820,88,3,0
3840,95,1,0
3860,95,1,0
3880,80,10,0
3900,81,9,0
3920,73,14,0
3940,72,19,0
3960,98,1,0
3980,95,1,0
4000,94,2,0
4020,57,21,0
4040,15,66,0
4060,44,36,0
4080,64,13,0
4100,52,22,0
4120,71,17,0
4140,64,18,0
4160,39,34,0
4180,29,37,0
4200,34,36,0
4220,29,35,0
4240,61,0,0
4260,69,0,0
4280,95,0,0
4300,90,0,0
4320,96,0,0
4340,96,0,0
4360,94,0,0
4380,97,0,0
4400,97,0,0
4420,99,0,0
4440,91,6,0
4460,74,10,0
4480,27,30,0
4500,35,28,0
4520,65,17,0
4540,59,24,0
4560,78,7,0
4580,94,3,0
4600,98,1,0
4620,84,7,0
4640,99,0,0
4660,99,0,0
4680,100,0,0
4700,99,0,0
4720,98,0,0
4740,100,0,0
4760,95,0,0
4780,91,0,0
4800,83,0,0
4820,53,0,0
4840,71,0,0
4860,66,0,0
4880,70,0,0
4900,68,0,0
4920,71,0,0
4940,62,0,0
4960,61,0,0
4980,65,0,0
5000,33,0,30
5020,62,0,19
5040,65,0,15
5060,69,0,16
5080,62,0,15
5100,58,0,17
5120,65,0,22
5140,65,0,16
5160,67,0,13
5180,61,0,20
5200,87,0,0
5220,64,0,0
5240,91,0,0
5260,98,0,0
5280,93,0,0
5300,97,0,0
5320,95,0,0
5340,87,0,0
5360,91,0,0
5380,85,0,0
5400,80,0,0
5420,90,0,0
5440,85,0,0
5460,60,0,0
5480,68,0,0
5500,89,0,0
5520,83,0,0
5540,83,0,0
5560,98,0,0
5580,98,0,0
5600,100,0,0
5620,100,0,0
5640,100,0,0
5660,99,0,0
5680,100,0,0
5700,99,0,0
5720,100,0,0
5740,99,0,0
5760,99,0,0
5780,99,0,0
5800,96,0,0
5820,87,0,0
5840,85,0,0
5860,68,0,0
5880,70,0,0
5900,64,0,0
5920,0,0,0
5940,62,0,0
5960,64,0,0
5980,67,0,0
6000,88,0,0
6020,97,0,0
6040,94,0,0
6060,98,0,0
6080,100,0,0
6100,100,0,0
6120,100,0,0
6140,100,0,0
6160,100,0,0
6180,100,0,0
6200,100,0,0
6220,100,0,0
6240,100,0,0
6260,100,0,0
6280,90,0,0
6300,98,0,0
6320,94,0,0
6340,99,0,0
6360,100,0,0
6380,98,0,0
6400,99,0,0
6420,98,0,0
6440,100,0,0
6460,96,0,0
6480,98,0,0
6500,95,0,0
6520,96,0,0
6540,0,0,0
6560,65,0,0
6580,64,0,0
6600,67,0,0
6620,91,0,0
6640,99,0,0
6660,93,0,1
6680,97,0,2
6700,94,0,2
6720,98,0,0
6740,97,0,0
6760,95,0,3
6780,95,0,3
6800,90,0,3
6820,92,0,2
6840,93,0,0
6860,99,0,0
6880,99,0,0
6900,97,0,0
6920,93,0,0
6940,100,0,0
6960,97,0,0
6980,100,0,0
7000,99,0,0
7020,99,0,0
7040,98,0,0
7060,100,0,0
7080,100,0,0
7100,99,0,0
7120,97,0,0
7140,95,0,0
7160,100,0,0
7180,100,0,0
7200,100,0,0
7220,100,0,0
7240,87,3,0
7260,88,1,0
7280,87,5,0
7300,90,4,0
7320,85,4,0
7340,82,4,0
7360,61,21,0
7380,32,38,0
7400,38,27,0
7420,43,29,0
7440,0,0,0
7460,0,0,0
7480,0,0,0
7500,0,0,0
7520,57,0,0
7540,63,0,0
7560,64,0,0
7580,66,0,0
7600,63,0,0
7620,87,0,0
7640,94,0,0
7660,90,0,0
7680,88,0,0
7700,88,0,0
7720,65,0,0
7740,70,0,0
7760,91,0,0
7780,92,0,0
7800,94,0,0
7820,92,0,0
7840,90,0,0
7860,99,0,0
7880,100,0,0
7900,100,0,0
7920,100,0,0
7940,100,0,0
7960,100,0,0
7980,100,0,0
8000,100,0,0
8020,100,0,0
8040,99,0,0
8060,95,0,0
8080,26,38,0
8100,0,70,0
8120,0,58,0
8140,37,38,0
8160,39,33,0
8180,33,34,0
8200,26,38,0
8220,29,37,0
8240,36,29,0
8260,31,38,0
8280,86,0,0
8300,91,0,0
8320,93,0,0
8340,92,0,0
8360,95,0,0
8380,94,0,0
8400,97,0,0
8420,91,0,0
8440,100,0,0
8460,99,0,0
8480,100,0,0
8500,100,0,0
8520,99,0,0
8540,100,0,0
8560,98,0,0
8580,98,0,0
8600,98,0,0
8620,99,0,0
8640,94,0,0
8660,96,0,0
8680,98,0,0
8700,57,0,0
8720,57,0,0
8740,88,0,0
8760,93,0,0
8780,98,0,0
8800,56,1,25
8820,67,1,31
8840,58,2,37
8860,52,3,43
8880,77,0,23
8900,62,0,38
8920,68,0,31
8940,67,0,33
